id,name,category,price,description,image
1,Smartphone X,Electronics,500,"6.1-inch display, 128GB, dual camera","https://picsum.photos/seed/p1/640/400"
2,Laptop Pro 14,Electronics,1200,"14-inch, 16GB RAM, 512GB SSD","https://picsum.photos/seed/p2/640/400"
3,Wireless Earbuds,Electronics,80,"Bluetooth 5.3, noise canceling, 24h battery","https://picsum.photos/seed/p3/640/400"
4,Sports Shoes,Fashion,60,"Lightweight running shoes for everyday training","https://picsum.photos/seed/p4/640/400"
5,Leather Jacket,Fashion,150,"Genuine leather, slim fit biker style","https://picsum.photos/seed/p5/640/400"
6,Smartwatch S,Electronics,200,"Heart rate monitor, GPS, 7-day battery","https://picsum.photos/seed/p6/640/400"
7,Coffee Maker,Home,100,"Programmable drip coffee machine, 12 cups","https://picsum.photos/seed/p7/640/400"
8,Microwave Oven,Home,250,"900W, 25L capacity with grill function","https://picsum.photos/seed/p8/640/400"
9,Gaming Console,Electronics,400,"4K HDR gaming, 1TB storage, online services","https://picsum.photos/seed/p9/640/400"
10,Travel Backpack,Fashion,40,"Water-resistant 25L daily carry backpack","https://picsum.photos/seed/p10/640/400"
